Entity,Year,$2.15 a day - Number in poverty
Albania,1996,16944
Albania,2002,33337
Albania,2005,17800
Albania,2008,5892
Albania,2012,18003
Albania,2014,29558
Albania,2015,2767
Albania,2016,4006
Albania,2017,11280
Albania,2018,1379
Albania,2019,0
Albania,2020,604
Algeria,1988,1556402
Algeria,1995,1742570
Algeria,2011,0
Angola,2000,3526425
Angola,2008,3224262
Angola,2018,9790093
Argentina (urban),1980,0
Argentina (urban),1986,294029
Argentina (urban),1987,317837
Argentina (urban),1991,281019
Argentina (urban),1992,491843
Argentina (urban),1993,590224
Argentina (urban),1994,579825
Argentina (urban),1995,1187855
Argentina (urban),1996,1318924
Argentina (urban),1997,1194498
Argentina (urban),1998,1276500
Argentina (urban),1999,1365425
Argentina (urban),2000,1648402
Argentina (urban),2001,2757085
Argentina (urban),2002,4220940
Argentina (urban),2003,1841348
Argentina (urban),2004,1347862
Argentina (urban),2005,944024
Argentina (urban),2006,773974
Argentina (urban),2007,647723
Argentina (urban),2008,597062
Argentina (urban),2009,573190
Argentina (urban),2010,276637
Argentina (urban),2011,267078
Argentina (urban),2012,246057
Argentina (urban),2013,256735
Argentina (urban),2014,235804
Argentina (urban),2016,278340
Argentina (urban),2017,243998
Argentina (urban),2018,426890
Argentina (urban),2019,458763
Argentina (urban),2020,490331
Argentina (urban),2021,377798
Argentina (urban),2022,261255
Armenia,1999,381499
Armenia,2001,437848
Armenia,2002,309467
Armenia,2003,232526
Armenia,2004,163030
Armenia,2005,80129
Armenia,2006,60487
Armenia,2007,46154
Armenia,2008,26245
Armenia,2009,36984
Armenia,2010,28033
Armenia,2011,34710
Armenia,2012,24254
Armenia,2013,50434
Armenia,2014,41590
Armenia,2015,32999
Armenia,2016,31752
Armenia,2017,22406
Armenia,2018,38005
Armenia,2019,29054
Armenia,2020,9876
Armenia,2021,14611
Armenia,2022,21718
Australia,1981,148263
Australia,1985,158090
Australia,1989,125145
Australia,1995,134997
Australia,2001,144061
Australia,2003,196681
Australia,2004,142028
Australia,2008,76759
Australia,2010,76928
Australia,2014,117022
Australia,2016,120650
Australia,2018,124091
Austria,1994,18326
Austria,1995,0
Austria,1996,0
Austria,1997,19600
Austria,1998,19100
Austria,1999,18063
Austria,2000,0
Austria,2003,26980
Austria,2004,6673
Austria,2005,12645
Austria,2006,7451
Austria,2007,30883
Austria,2008,39208
Austria,2009,54752
Austria,2010,41039
Austria,2011,34859
Austria,2012,52006
Austria,2013,28662
Austria,2014,19166
Austria,2015,58528
Austria,2016,58017
Austria,2017,27984
Austria,2018,50246
Austria,2019,56888
Austria,2020,60954
Austria,2021,43509
Azerbaijan,1995,954504
Azerbaijan,2001,499460
Azerbaijan,2002,6497
Azerbaijan,2003,4165
Azerbaijan,2004,0
Azerbaijan,2005,0
Bangladesh,1983,34409348
Bangladesh,1985,31036146
Bangladesh,1988,43319356
Bangladesh,1991,46247348
Bangladesh,1995,40010284
Bangladesh,2000,43048940
Bangladesh,2005,33771944
Bangladesh,2010,27042588
Bangladesh,2016,21520270
Bangladesh,2022,8573862
Belarus,1998,2191998
Belarus,1999,1924362
Belarus,2000,1361461
Belarus,2001,657689
Belarus,2002,433526
Belarus,2003,343901
Belarus,2004,126573
Belarus,2005,86095
Belarus,2006,38283
Belarus,2007,20899
Belarus,2008,15866
Belarus,2009,13133
Belarus,2010,3219
Belarus,2011,622
Belarus,2012,1139
Belarus,2013,0
Belarus,2014,0
Belarus,2015,0
Belarus,2016,0
Belarus,2017,0
Belarus,2018,0
Belarus,2019,0
Belarus,2020,0
Belgium,1985,23678
Belgium,1988,47311
Belgium,1992,98772
Belgium,1995,41805
Belgium,1997,50141
Belgium,2000,31318
Belgium,2003,30549
Belgium,2004,5421
Belgium,2005,20231
Belgium,2006,17820
Belgium,2007,16093
Belgium,2008,12682
Belgium,2009,11615
Belgium,2010,14940
Belgium,2011,18574
Belgium,2012,17390
Belgium,2013,16126
Belgium,2014,8574
Belgium,2015,7977
Belgium,2016,6778
Belgium,2017,16820
Belgium,2018,9269
Belgium,2019,9025
Belgium,2020,6315
Belgium,2021,3472
Belize,1993,26306
Belize,1994,29353
Belize,1996,38183
Belize,1997,45381
Belize,1998,46630
Belize,1999,45515
Benin,2003,4066232
Benin,2011,5329210
Benin,2015,5543934
Benin,2018,2433070
Benin,2021,1687600
Bhutan,2003,84800
Bhutan,2007,39898
Bhutan,2012,12478
Bhutan,2017,7151
Bhutan,2022,12
Bolivia,1997,1264495
Bolivia,1999,1846051
Bolivia,2000,2083498
Bolivia,2001,1664471
Bolivia,2002,1752207
Bolivia,2004,941606
Bolivia,2005,1463492
Bolivia,2006,1192328
Bolivia,2007,919333
Bolivia,2008,824493
Bolivia,2009,882672
Bolivia,2011,550887
Bolivia,2012,683642
Bolivia,2013,555761
Bolivia,2014,466799
Bolivia,2015,513467
Bolivia,2016,633020
Bolivia,2017,564156
Bolivia,2018,380113
Bolivia,2019,226187
Bolivia,2020,372588
Bolivia,2021,237301
Bolivia (urban),1990,43633
Bolivia (urban),1992,371741
Bosnia and Herzegovina,2001,13665
Bosnia and Herzegovina,2004,7505
Bosnia and Herzegovina,2007,2664
Bosnia and Herzegovina,2011,2807
Botswana,1985,485572
Botswana,1993,503277
Botswana,2002,527991
Botswana,2009,364287
Botswana,2015,361796
Brazil,1981,29975124
Brazil,1982,31279672
Brazil,1983,40054072
Brazil,1984,40053452
Brazil,1985,35222284
Brazil,1986,17128184
Brazil,1987,28416396
Brazil,1988,32563110
Brazil,1989,30198166
Brazil,1990,36158712
Brazil,1992,36311204
Brazil,1993,35016836
Brazil,1995,24095676
Brazil,1996,26573710
Brazil,1997,26927420
Brazil,1998,24523454
Brazil,1999,25968708
Brazil,2001,23242706
Brazil,2002,21185508
Brazil,2003,23022010
Brazil,2004,20422522
Brazil,2005,18610434
Brazil,2006,15604586
Brazil,2007,15015059
Brazil,2008,12538463
Brazil,2009,11905237
Brazil,2011,10548393
Brazil,2012,8986021
Brazil,2013,7521300
Brazil,2014,6766963
Brazil,2015,7956117
Brazil,2016,9792223
Brazil,2017,11056501
Brazil,2018,11151597
Brazil,2019,11455808
Brazil,2020,4159606
Brazil,2021,12504996
Brazil,2022,7547388
Bulgaria,1992,0
Bulgaria,2006,443192
Bulgaria,2007,135227
Bulgaria,2008,93746
Bulgaria,2009,97206
Bulgaria,2010,148484
Bulgaria,2011,180678
Bulgaria,2012,168725
Bulgaria,2013,129593
Bulgaria,2014,119940
Bulgaria,2015,245462
Bulgaria,2016,140168
Bulgaria,2017,97065
Bulgaria,2018,61150
Bulgaria,2019,64430
Bulgaria,2020,17187
Bulgaria,2021,48085
Burkina Faso,1994,8336608
Burkina Faso,1998,8951654
Burkina Faso,2003,7128220
Burkina Faso,2009,8239606
Burkina Faso,2014,7195776
Burkina Faso,2018,6450510
Burkina Faso,2021,5683460
Burundi,1992,4310702
Burundi,1998,4852075
Burundi,2006,5501974
Burundi,2013,6723176
Burundi,2020,7615392
Cameroon,1996,6837334
Cameroon,2001,3980906
Cameroon,2007,5735308
Cameroon,2014,5721520
Cameroon,2021,6363852
Canada,1971,494056
Canada,1973,393279
Canada,1975,345394
Canada,1977,296492
Canada,1979,302448
Canada,1981,185988
Canada,1982,186646
Canada,1984,192011
Canada,1985,129151
Canada,1986,260530
Canada,1987,132149
Canada,1988,200770
Canada,1989,340782
Canada,1990,345712
Canada,1991,349812
Canada,1992,211902
Canada,1993,357880
Canada,1994,286985
Canada,1995,218832
Canada,1996,73883
Canada,1997,74080
Canada,1998,150672
Canada,1999,149259
Canada,2000,76046
Canada,2001,77360
Canada,2002,75987
Canada,2003,75031
Canada,2004,77794
Canada,2005,78994
Canada,2006,81150
Canada,2007,81648
Canada,2008,81609
Canada,2009,82159
Canada,2010,84615
Canada,2011,77657
Canada,2012,85578
Canada,2013,174182
Canada,2014,85815
Canada,2015,87795
Canada,2016,89809
Canada,2017,90271
Canada,2018,92652
Canada,2019,93491
Cape Verde,2001,92304
Cape Verde,2007,53531
Cape Verde,2015,25202
Central African Republic,1992,2493178
Central African Republic,2008,2764512
Central African Republic,2021,3583522
Chad,2003,5314602
Chad,2011,4510350
Chad,2018,4899745
Chad,2022,5466798
Chile,1987,1955243
Chile,1990,1423418
Chile,1992,923358
Chile,1994,965966
Chile,1996,681734
Chile,1998,687855
Chile,2000,894441
Chile,2003,838610
Chile,2006,334102
Chile,2009,280497
Chile,2011,155228
Chile,2013,90547
Chile,2015,76713
Chile,2017,66073
Chile,2020,258928
Chile,2022,77445
China,1981,912172992
China,1984,841800832
China,1987,730484224
China,1990,816902720
China,1993,772672000
China,1996,586677120
China,1999,577944128
China,2002,472329760
China,2005,290135136
China,2008,228737520
China,2010,178977648
China,2011,133861088
China,2012,112617096
China,2013,36562340
China,2014,23920394
China,2015,7785998
China,2016,1122773
China,2017,0
China,2018,0
China,2019,0
China,2020,0
China,2021,0
China (rural),1981,769092992
China (rural),1984,715196544
China (rural),1987,643504960
China (rural),1990,698919616
China (rural),1993,681265920
China (rural),1996,513248544
China (rural),1999,511180096
China (rural),2002,432448736
China (rural),2005,266979200
China (rural),2008,224958496
China (rural),2010,178977648
China (rural),2011,133861080
China (rural),2012,112617096
China (rural),2013,36562344
China (rural),2014,23920394
China (rural),2015,7785998
China (rural),2016,1122773
China (rural),2017,0
China (rural),2018,0
China (rural),2019,0
China (rural),2020,0
China (rural),2021,0
China (urban),1981,143080064
China (urban),1984,126604240
China (urban),1987,86979328
China (urban),1990,117983104
China (urban),1993,91406072
China (urban),1996,73428584
China (urban),1999,66764060
China (urban),2002,39881008
China (urban),2005,23155944
China (urban),2008,3779030
China (urban),2010,0
China (urban),2011,0
China (urban),2012,0
China (urban),2013,0
China (urban),2014,0
China (urban),2015,0
China (urban),2016,0
China (urban),2017,0
China (urban),2018,0
China (urban),2019,0
China (urban),2020,0
China (urban),2021,0
Colombia,1992,3243728
Colombia,1996,6437695
Colombia,1999,8239555
Colombia,2000,6861440
Colombia,2001,8364060
Colombia,2002,5735618
Colombia,2003,5339568
Colombia,2004,5000941
Colombia,2005,4533185
Colombia,2008,4830818
Colombia,2009,4255112
Colombia,2010,3712740
Colombia,2011,3093760
Colombia,2012,3074343
Colombia,2013,2825924
Colombia,2014,2535258
Colombia,2015,2320871
Colombia,2016,2340116
Colombia,2017,2098202
Colombia,2018,2216606
Colombia,2019,2652273
Colombia,2020,4767040
Colombia,2021,3778568
Colombia,2022,3131400
Colombia (urban),1980,3494502
Colombia (urban),1988,3133015
Colombia (urban),1989,3084791
Colombia (urban),1991,2967884
Comoros,2004,84999
Comoros,2014,133230
Congo,2005,1820028
Congo,2011,1651431
Costa Rica,1981,641673
Costa Rica,1986,396506
Costa Rica,1989,324914
Costa Rica,1990,327823
Costa Rica,1991,402132
Costa Rica,1992,330260
Costa Rica,1993,290388
Costa Rica,1994,245673
Costa Rica,1995,255434
Costa Rica,1996,300576
Costa Rica,1997,251470
Costa Rica,1998,199639
Costa Rica,1999,266016
Costa Rica,2000,275630
Costa Rica,2001,206502
Costa Rica,2002,192744
Costa Rica,2003,197882
Costa Rica,2004,198328
Costa Rica,2005,143890
Costa Rica,2006,146137
Costa Rica,2007,80838
Costa Rica,2008,108974
Costa Rica,2009,113047
Costa Rica,2010,68836
Costa Rica,2011,81913
Costa Rica,2012,79261
Costa Rica,2013,78705
Costa Rica,2014,72921
Costa Rica,2015,77013
Costa Rica,2016,66104
Costa Rica,2017,58545
Costa Rica,2018,75901
Costa Rica,2019,53751
Costa Rica,2020,117387
Costa Rica,2021,64022
Costa Rica,2022,45947
Costa Rica,2023,46004
Cote d'Ivoire,1985,822279
Cote d'Ivoire,1986,458530
Cote d'Ivoire,1987,1011694
Cote d'Ivoire,1988,1503937
Cote d'Ivoire,1992,3547552
Cote d'Ivoire,1995,3704518
Cote d'Ivoire,1998,4815550
Cote d'Ivoire,2008,6967603
Cote d'Ivoire,2015,7892434
Cote d'Ivoire,2018,2969961
Cote d'Ivoire,2021,2724318
Croatia,1988,0
Croatia,2009,36921
Croatia,2010,51968
Croatia,2011,26768
Croatia,2012,33603
Croatia,2013,31018
Croatia,2014,41613
Croatia,2015,25004
Croatia,2016,25714
Croatia,2017,21330
Croatia,2018,17886
Croatia,2019,10567
Croatia,2020,12707
Croatia,2021,11947
Cyprus,2004,958
Cyprus,2005,66
Cyprus,2006,192
Cyprus,2007,270
Cyprus,2008,93
Cyprus,2009,1244
Cyprus,2010,414
Cyprus,2011,92
Cyprus,2012,49
Cyprus,2013,1132
Cyprus,2014,922
Cyprus,2015,318
Cyprus,2016,493
Cyprus,2017,397
Cyprus,2018,201
Cyprus,2019,1890
Cyprus,2020,156
Cyprus,2021,66
Czechia,1992,0
Czechia,1993,0
Czechia,1996,0
Czechia,2002,0
Czechia,2004,0
Czechia,2005,504
Czechia,2006,6738
Czechia,2007,11937
Czechia,2008,3404
Czechia,2009,1257
Czechia,2010,3789
Czechia,2011,4835
Czechia,2012,3385
Czechia,2013,4804
Czechia,2014,0
Czechia,2015,924
Czechia,2016,0
Czechia,2017,0
Czechia,2018,942
Czechia,2019,0
Czechia,2020,871
Czechia,2021,6288
Democratic Republic of Congo,2004,51550456
Democratic Republic of Congo,2012,50163652
Democratic Republic of Congo,2020,73300160
Denmark,1987,25502
Denmark,1992,25544
Denmark,1995,0
Denmark,2000,0
Denmark,2003,18504
Denmark,2004,17023
Denmark,2005,13811
Denmark,2006,7477
Denmark,2007,760
Denmark,2008,6219
Denmark,2009,27327
Denmark,2010,3178
Denmark,2011,0
Denmark,2012,0
Denmark,2013,17458
Denmark,2014,11434
Denmark,2015,9970
Denmark,2016,15946
Denmark,2017,8123
Denmark,2018,9856
Denmark,2019,14618
Denmark,2020,9621
Denmark,2021,9001
Djibouti,2002,177927
Djibouti,2012,187919
Djibouti,2013,242219
Djibouti,2017,198468
Dominican Republic,1986,464833
Dominican Republic,1989,1215573
Dominican Republic,1992,565592
Dominican Republic,1996,516806
Dominican Republic,1997,559952
Dominican Republic,2000,573465
Dominican Republic,2001,445412
Dominican Republic,2002,669688
Dominican Republic,2003,775831
Dominican Republic,2004,1049664
Dominican Republic,2005,679067
Dominican Republic,2006,580745
Dominican Republic,2007,570519
Dominican Republic,2008,518867
Dominican Republic,2009,451527
Dominican Republic,2010,378245
Dominican Republic,2011,401626
Dominican Republic,2012,386075
Dominican Republic,2013,301850
Dominican Republic,2014,345060
Dominican Republic,2015,263786
Dominican Republic,2016,213728
Dominican Republic,2017,106637
Dominican Republic,2018,89950
Dominican Republic,2019,90612
Dominican Republic,2020,105533
Dominican Republic,2021,94916
Dominican Republic,2022,85022
East Asia and Pacific (PIP),1990,1044505152
East Asia and Pacific (PIP),1991,1038825088
East Asia and Pacific (PIP),1992,1019641408
East Asia and Pacific (PIP),1993,1000198976
East Asia and Pacific (PIP),1994,914662464
East Asia and Pacific (PIP),1995,840338112
East Asia and Pacific (PIP),1996,777983808
East Asia and Pacific (PIP),1997,781842368
East Asia and Pacific (PIP),1998,809851136
East Asia and Pacific (PIP),1999,757465664
East Asia and Pacific (PIP),2000,720964352
East Asia and Pacific (PIP),2001,678497408
East Asia and Pacific (PIP),2002,602360192
East Asia and Pacific (PIP),2003,532779072
East Asia and Pacific (PIP),2004,469460320
East Asia and Pacific (PIP),2005,392559904
East Asia and Pacific (PIP),2006,381095488
East Asia and Pacific (PIP),2007,339110336
East Asia and Pacific (PIP),2008,315192352
East Asia and Pacific (PIP),2009,282791232
East Asia and Pacific (PIP),2010,248371728
East Asia and Pacific (PIP),2011,196950208
East Asia and Pacific (PIP),2012,165565152
East Asia and Pacific (PIP),2013,87159456
East Asia and Pacific (PIP),2014,69630136
East Asia and Pacific (PIP),2015,47982504
East Asia and Pacific (PIP),2016,34177824
East Asia and Pacific (PIP),2017,24736234
East Asia and Pacific (PIP),2018,24097254
East Asia and Pacific (PIP),2019,20605832
East Asia and Pacific (PIP),2020,22254000
East Asia and Pacific (PIP),2021,22985748
East Asia and Pacific (PIP),2022,20283438
East Asia and Pacific (PIP),2023,19007742
East Asia and Pacific (PIP),2024,17648544
East Timor,2001,365349
East Timor,2007,416696
East Timor,2014,289609
Eastern and Southern Africa (PIP),1990,168084512
Eastern and Southern Africa (PIP),1991,177337312
Eastern and Southern Africa (PIP),1992,186364032
Eastern and Southern Africa (PIP),1993,195074768
Eastern and Southern Africa (PIP),1994,200849312
Eastern and Southern Africa (PIP),1995,203343360
Eastern and Southern Africa (PIP),1996,205497360
Eastern and Southern Africa (PIP),1997,210210048
Eastern and Southern Africa (PIP),1998,216104912
Eastern and Southern Africa (PIP),1999,221511280
Eastern and Southern Africa (PIP),2000,226290496
Eastern and Southern Africa (PIP),2001,230277536
Eastern and Southern Africa (PIP),2002,239095008
Eastern and Southern Africa (PIP),2003,241205904
Eastern and Southern Africa (PIP),2004,232735648
Eastern and Southern Africa (PIP),2005,229399792
Eastern and Southern Africa (PIP),2006,226808384
Eastern and Southern Africa (PIP),2007,226908944
Eastern and Southern Africa (PIP),2008,227139616
Eastern and Southern Africa (PIP),2009,232074096
Eastern and Southern Africa (PIP),2010,231276960
Eastern and Southern Africa (PIP),2011,230651152
Eastern and Southern Africa (PIP),2012,233356416
Eastern and Southern Africa (PIP),2013,236622432
Eastern and Southern Africa (PIP),2014,242314480
Eastern and Southern Africa (PIP),2015,250309152
Eastern and Southern Africa (PIP),2016,260231920
Eastern and Southern Africa (PIP),2017,269366368
Eastern and Southern Africa (PIP),2018,277888320
Eastern and Southern Africa (PIP),2019,287295296
Eastern and Southern Africa (PIP),2020,304763520
Eastern and Southern Africa (PIP),2021,310728032
Eastern and Southern Africa (PIP),2022,314038080
Eastern and Southern Africa (PIP),2023,322668640
Eastern and Southern Africa (PIP),2024,327413344
Ecuador,1994,1943690
Ecuador,1999,2707688
Ecuador,2000,3554884
Ecuador,2003,1970596
Ecuador,2004,2038624
Ecuador,2005,1625344
Ecuador,2006,1142268
Ecuador,2007,1214100
Ecuador,2008,1089282
Ecuador,2009,1077770
Ecuador,2010,851139
Ecuador,2011,711480
Ecuador,2012,691068
Ecuador,2013,509596
Ecuador,2014,420591
Ecuador,2015,557150
Ecuador,2016,587720
Ecuador,2017,536515
Ecuador,2018,563472
Ecuador,2019,621528
Ecuador,2020,1146644
Ecuador,2021,637725
Ecuador,2022,572574
Ecuador,2023,690953
Ecuador (urban),1987,904371
Ecuador (urban),1995,922254
Ecuador (urban),1998,1132922
Egypt,1990,3028841
Egypt,1995,1327138
Egypt,1999,0
Egypt,2004,2432744
Egypt,2008,2419357
Egypt,2010,914981
Egypt,2012,821433
Egypt,2015,885407
Egypt,2017,2586332
Egypt,2019,1561089
El Salvador,1989,1024016
El Salvador,1991,1204743
El Salvador,1995,762170
El Salvador,1996,884775
El Salvador,1998,1237694
El Salvador,1999,1021934
El Salvador,2000,771202
El Salvador,2001,844599
El Salvador,2002,885393
El Salvador,2003,953073
El Salvador,2004,693398
El Salvador,2005,680972
El Salvador,2006,461673
El Salvador,2007,306346
El Salvador,2008,468306
El Salvador,2009,451964
El Salvador,2010,387974
El Salvador,2011,327791
El Salvador,2012,285708
El Salvador,2013,224213
El Salvador,2014,213700
El Salvador,2015,143866
El Salvador,2016,164575
El Salvador,2017,135078
El Salvador,2018,115658
El Salvador,2019,88043
El Salvador,2021,226438
El Salvador,2022,213118
Estonia,1993,0
Estonia,2003,34398
Estonia,2004,14700
Estonia,2005,10996
Estonia,2006,11097
Estonia,2007,5702
Estonia,2008,5164
Estonia,2009,7407
Estonia,2010,10548
Estonia,2011,13004
Estonia,2012,9784
Estonia,2013,11330
Estonia,2014,10918
Estonia,2015,7893
Estonia,2016,6185
Estonia,2017,3540
Estonia,2018,3288
Estonia,2019,7390
Estonia,2020,4636
Estonia,2021,4116
Eswatini,1994,814795
Eswatini,2000,584081
Eswatini,2009,540680
Eswatini,2016,412765
Ethiopia,1995,40101608
Ethiopia,1999,38329260
Ethiopia,2004,26411630
Ethiopia,2010,27838164
Ethiopia,2015,28032298
Ethiopia (rural),1981,23090118
Europe and Central Asia (PIP),1990,16865874
Europe and Central Asia (PIP),1991,19543318
Europe and Central Asia (PIP),1992,25679242
Europe and Central Asia (PIP),1993,29474344
Europe and Central Asia (PIP),1994,38150196
Europe and Central Asia (PIP),1995,38204500
Europe and Central Asia (PIP),1996,38155576
Europe and Central Asia (PIP),1997,35592512
Europe and Central Asia (PIP),1998,36437448
Europe and Central Asia (PIP),1999,47298600
Europe and Central Asia (PIP),2000,43145172
Europe and Central Asia (PIP),2001,39110236
Europe and Central Asia (PIP),2002,34821644
Europe and Central Asia (PIP),2003,34110068
Europe and Central Asia (PIP),2004,26045590
Europe and Central Asia (PIP),2005,22269004
Europe and Central Asia (PIP),2006,15553275
Europe and Central Asia (PIP),2007,10218493
Europe and Central Asia (PIP),2008,6574896
Europe and Central Asia (PIP),2009,5754215
Europe and Central Asia (PIP),2010,5518578
Europe and Central Asia (PIP),2011,4344642
Europe and Central Asia (PIP),2012,4173766
Europe and Central Asia (PIP),2013,3379319
Europe and Central Asia (PIP),2014,4900220
Europe and Central Asia (PIP),2015,4106254
Europe and Central Asia (PIP),2016,3254845
Europe and Central Asia (PIP),2017,3535745
Europe and Central Asia (PIP),2018,2154778
Europe and Central Asia (PIP),2019,2263796
Europe and Central Asia (PIP),2020,2594085
Europe and Central Asia (PIP),2021,2655681
Europe and Central Asia (PIP),2022,2421391
Europe and Central Asia (PIP),2023,2360855
Europe and Central Asia (PIP),2024,2246757
Fiji,2002,14333
Fiji,2008,9235
Fiji,2013,3323
Fiji,2019,12112
Finland,1987,0
Finland,1991,0
Finland,1995,0
Finland,2000,0
Finland,2003,2569
Finland,2004,2061
Finland,2005,2902
Finland,2006,4233
Finland,2007,3371
Finland,2008,2862
Finland,2009,2801
Finland,2010,2888
Finland,2011,2554
Finland,2012,2855
Finland,2013,4631
Finland,2014,3614
Finland,2015,3847
Finland,2016,2596
Finland,2017,3623
Finland,2018,3131
Finland,2019,2144
Finland,2020,1527
Finland,2021,1183
France,1970,0
France,1975,133760
France,1979,135899
France,1984,280930
France,1990,143687
France,1996,148578
France,1997,147584
France,1998,0
France,1999,0
France,2000,0
France,2001,0
France,2002,0
France,2003,97966
France,2004,31186
France,2005,27206
France,2006,17580
France,2007,9519
France,2008,6240
France,2009,28699
France,2010,56833
France,2011,16848
France,2012,40023
France,2013,39859
France,2014,12386
France,2015,88879
France,2016,38784
France,2017,10632
France,2018,14216
France,2019,34670
France,2020,77636
France,2021,38190
Gabon,2005,79973
Gabon,2017,52834
Gambia,1998,1004869
Gambia,2003,800622
Gambia,2010,579334
Gambia,2015,304174
Gambia,2020,444721
Georgia,1996,303953
Georgia,1997,817108
Georgia,1998,719785
Georgia,1999,905865
Georgia,2000,933659
Georgia,2001,923644
Georgia,2002,504857
Georgia,2003,511715
Georgia,2004,485891
Georgia,2005,502746
Georgia,2006,488543
Georgia,2007,548027
Georgia,2008,478996
Georgia,2009,462609
Georgia,2010,543929
Georgia,2011,503421
Georgia,2012,397730
Georgia,2013,300340
Georgia,2014,227890
Georgia,2015,181775
Georgia,2016,183146
Georgia,2017,232250
Georgia,2018,207162
Georgia,2019,180377
Georgia,2020,216173
Georgia,2021,203418
Georgia,2022,158485
Germany,1991,0
Germany,1992,0
Germany,1993,0
Germany,1994,160978
Germany,1995,201285
Germany,1996,0
Germany,1997,0
Germany,1998,0
Germany,1999,0
Germany,2000,0
Germany,2001,0
Germany,2002,0
Germany,2003,0
Germany,2004,0
Germany,2005,0
Germany,2006,0
Germany,2007,0
Germany,2008,0
Germany,2009,0
Germany,2010,0
Germany,2011,0
Germany,2012,0
Germany,2013,0
Germany,2014,0
Germany,2015,0
Germany,2016,0
Germany,2017,202061
Germany,2018,0
Germany,2019,207383
Germany,2020,202743
Ghana,1987,8460852
Ghana,1988,8569019
Ghana,1991,10352867
Ghana,1998,10337902
Ghana,2005,9725133
Ghana,2012,7037056
Ghana,2016,7576500
Greece,1995,183536
Greece,2000,53284
Greece,2003,54454
Greece,2004,70314
Greece,2005,37199
Greece,2006,60911
Greece,2007,55161
Greece,2008,38157
Greece,2009,69600
Greece,2010,108218
Greece,2011,124699
Greece,2012,160807
Greece,2013,104737
Greece,2014,164823
Greece,2015,148256
Greece,2016,111984
Greece,2017,93864
Greece,2018,14979
Greece,2019,73931
Greece,2020,86284
Greece,2021,59937
Grenada,2018,388
Guatemala,1986,4084932
Guatemala,1989,3257778
Guatemala,1998,1624125
Guatemala,2000,1113518
Guatemala,2006,1539367
Guatemala,2014,1457361
Guinea,1991,5819464
Guinea,1994,2999680
Guinea,2002,4601652
Guinea,2007,4594990
Guinea,2012,2647992
Guinea,2018,1757392
Guinea-Bissau,1991,420978
Guinea-Bissau,1993,446297
Guinea-Bissau,2002,683551
Guinea-Bissau,2010,1045102
Guinea-Bissau,2018,421193
Guinea-Bissau,2021,543754
Guyana,1992,219232
Guyana,1998,90025
Haiti,2001,5773814
Haiti,2012,5850432
Honduras,1989,1963505
Honduras,1990,2122207
Honduras,1991,1599328
Honduras,1992,1441397
Honduras,1993,1177953
Honduras,1994,1373914
Honduras,1995,1524651
Honduras,1996,1706363
Honduras,1997,1203632
Honduras,1998,1548359
Honduras,1999,1614496
Honduras,2001,1356435
Honduras,2002,1544041
Honduras,2003,1908460
Honduras,2004,1877823
Honduras,2005,1896224
Honduras,2006,1637499
Honduras,2007,1239623
Honduras,2008,1235038
Honduras,2009,1019936
Honduras,2010,1166415
Honduras,2011,1235009
Honduras,2012,1494061
Honduras,2013,1305434
Honduras,2014,1212377
Honduras,2015,1206199
Honduras,2016,1381937
Honduras,2017,1333849
Honduras,2018,1393872
Honduras,2019,1269053
Honduras (urban),1986,854882
Hungary,1987,0
Hungary,1989,0
Hungary,1991,173836
Hungary,1993,0
Hungary,1994,128384
Hungary,1999,21393
Hungary,2004,10580
Hungary,2005,73081
Hungary,2006,13864
Hungary,2007,15078
Hungary,2008,2135
Hungary,2009,6494
Hungary,2010,7179
Hungary,2011,9130
Hungary,2012,32316
Hungary,2013,17837
Hungary,2014,64889
Hungary,2015,61633
Hungary,2016,132364
Hungary,2017,59635
Hungary,2018,20287
Hungary,2019,29480
Hungary,2020,34269
Hungary,2021,38994
Iceland,2003,0
Iceland,2004,497
Iceland,2005,110
Iceland,2006,446
Iceland,2007,251
Iceland,2008,193
Iceland,2009,310
Iceland,2010,475
Iceland,2011,393
Iceland,2012,108
Iceland,2013,152
Iceland,2014,0
Iceland,2015,114
Iceland,2016,0
Iceland,2017,0
India,1977,418730816
India,1983,422719616
India,1987,420027040
India,1993,448797600
India,2004,464832448
India,2009,412227040
India,2011,289412160
India,2015,248795840
India,2016,243312816
India,2017,181679536
India,2018,152299776
India,2019,183071184
India,2020,216238496
India,2021,182129744
India (rural),1977,358125184
India (rural),1983,359107072
India (rural),1987,348977376
India (rural),1993,376509024
India (rural),2004,387672064
India (rural),2009,341215680
India (rural),2011,237978768
India (rural),2015,196843840
India (rural),2016,181014144
India (rural),2017,132345040
India (rural),2018,106524864
India (rural),2019,130321936
India (rural),2020,154219184
India (rural),2021,130059880
India (urban),1977,60605612
India (urban),1983,63612560
India (urban),1987,71049696
India (urban),1993,72288560
India (urban),2004,77160368
India (urban),2009,71011368
India (urban),2011,51433404
India (urban),2015,51951992
India (urban),2016,62298676
India (urban),2017,49334492
India (urban),2018,45774912
India (urban),2019,52749240
India (urban),2020,62019300
India (urban),2021,52069868
Indonesia,1984,120616024
Indonesia,1987,128568640
Indonesia,1990,112527736
Indonesia,1993,117319432
Indonesia,1996,99369456
Indonesia,1998,141994544
Indonesia,1999,92812224
Indonesia,2000,93840888
Indonesia,2001,87575704
Indonesia,2002,51622976
Indonesia,2003,50913832
Indonesia,2004,54776048
Indonesia,2005,46058996
Indonesia,2006,60632296
Indonesia,2007,50614800
Indonesia,2008,45671560
Indonesia,2009,45413536
Indonesia,2010,40154824
Indonesia,2011,34847540
Indonesia,2012,26466610
Indonesia,2013,27375396
Indonesia,2014,24809924
Indonesia,2015,21897018
Indonesia,2016,17461084
Indonesia,2017,11379131
Indonesia,2018,11777847
Indonesia,2019,9045612
Indonesia,2020,7682502
Indonesia,2021,7823084
Indonesia,2022,6001220
Indonesia,2023,5038737
Iran,1986,4521540
Iran,1990,4914302
Iran,1994,2533798
Iran,1998,2719956
Iran,2005,719146
Iran,2006,607238
Iran,2009,1112372
Iran,2011,386033
Iran,2012,197071
Iran,2013,227038
Iran,2014,495452
Iran,2015,329166
Iran,2016,371993
Iran,2017,279248
Iran,2018,576135
Iran,2019,629960
Iran,2020,709492
Iran,2021,574535
Iran,2022,415483
Iraq,2006,10096
Iraq,2012,30056
Ireland,1987,24398
Ireland,1994,5868
Ireland,1995,6355
Ireland,1996,8149
Ireland,2000,6784
Ireland,2002,9242
Ireland,2003,5101
Ireland,2004,2121
Ireland,2005,903
Ireland,2006,17027
Ireland,2007,4333
Ireland,2008,8104
Ireland,2009,22251
Ireland,2010,24751
Ireland,2011,24959
Ireland,2012,15409
Ireland,2013,31545
Ireland,2014,18116
Ireland,2015,17286
Ireland,2016,6407
Ireland,2017,11691
Ireland,2018,191
Ireland,2019,2862
Ireland,2020,7194
Ireland,2021,3198
Israel,1979,0
Israel,1986,10124
Israel,1992,11031
Israel,1997,14334
Israel,2001,16032
Israel,2002,31564
Israel,2003,30954
Israel,2004,33986
Israel,2005,33494
Israel,2006,15868
Israel,2007,35313
Israel,2008,35339
Israel,2009,36801
Israel,2010,35084
Israel,2011,17921
Israel,2012,38698
Israel,2013,38248
Israel,2014,40457
Israel,2015,41385
Israel,2016,20630
Israel,2017,39857
Israel,2018,44127
Israel,2019,65668
Israel,2020,41446
Israel,2021,22700
Italy,1977,128174
Italy,1978,271402
Italy,1979,275020
Italy,1980,128030
Italy,1981,0
Italy,1982,0
Italy,1983,123441
Italy,1984,0
Italy,1986,139736
Italy,1987,563256
Italy,1989,0
Italy,1991,129971
Italy,1993,710031
Italy,1995,422892
Italy,1998,991567
Italy,2000,711501
Italy,2002,854904
Italy,2003,440970
Italy,2004,348720
Italy,2005,375231
Italy,2006,379934
Italy,2007,397523
Italy,2008,414246
Italy,2009,538701
Italy,2010,750031
Italy,2011,686455
Italy,2012,714839
Italy,2013,827113
Italy,2014,748995
Italy,2015,1183558
Italy,2016,988195
Italy,2017,860611
Italy,2018,880736
Italy,2019,593914
Italy,2020,492030
Italy,2021,481658
Jamaica,1988,107261
Jamaica,1990,68902
Jamaica,1993,198889
Jamaica,1996,64915
Jamaica,1999,60096
Jamaica,2002,56160
Jamaica,2004,31362
Jamaica,2018,1576
Jamaica,2021,8759
Japan,2008,614479
Japan,2010,0
Japan,2013,927657
Jordan,1986,0
Jordan,1992,0
Jordan,1997,0
Jordan,2002,10414
Jordan,2006,5573
Jordan,2008,719
Jordan,2010,2849
Kazakhstan,1993,1381710
Kazakhstan,1996,1236990
Kazakhstan,2001,1904009
Kazakhstan,2002,1320570
Kazakhstan,2003,919560
Kazakhstan,2004,497937
Kazakhstan,2005,1311948
Kazakhstan,2006,154837
Kazakhstan,2007,59699
Kazakhstan,2008,38317
Kazakhstan,2009,39293
Kazakhstan,2010,31848
Kazakhstan,2011,11771
Kazakhstan,2012,6452
Kazakhstan,2013,5640
Kazakhstan,2014,3332
Kazakhstan,2015,6714
Kazakhstan,2016,8991
Kazakhstan,2017,7485
Kazakhstan,2018,2767
Kazakhstan,2019,2973
Kazakhstan,2020,2218
Kazakhstan,2021,3362
Kenya,1992,6520946
Kenya,1994,6763558
Kenya,1997,7202783
Kenya,2005,13295830
Kenya,2015,13963230
Kenya,2020,18211454
Kenya,2021,19159440
Kiribati,2006,14039
Kiribati,2019,2095
Kosovo,2003,40847
Kosovo,2005,71801
Kosovo,2006,70087
Kosovo,2009,60062
Kosovo,2010,51395
Kosovo,2011,33676
Kosovo,2012,15088
Kosovo,2013,8095
Kosovo,2014,20610
Kosovo,2015,13944
Kosovo,2016,13593
Kosovo,2017,7885
Kyrgyzstan,2000,1870329
Kyrgyzstan,2001,1649532
Kyrgyzstan,2002,1554571
Kyrgyzstan,2003,1296288
Kyrgyzstan,2004,590893
Kyrgyzstan,2005,700815
Kyrgyzstan,2006,436855
Kyrgyzstan,2007,461125
Kyrgyzstan,2008,176011
Kyrgyzstan,2009,83276
Kyrgyzstan,2010,191843
Kyrgyzstan,2011,69361
Kyrgyzstan,2012,147459
Kyrgyzstan,2013,149854
Kyrgyzstan,2014,61182
Kyrgyzstan,2015,129896
Kyrgyzstan,2016,69520
Kyrgyzstan,2017,78629
Kyrgyzstan,2018,46529
Kyrgyzstan,2019,42550
Kyrgyzstan,2020,87577
Kyrgyzstan,2021,48483
Kyrgyzstan,2022,21658
Laos,1992,1086906
Laos,1997,2233124
Laos,2002,1427523
Laos,2007,1185124
Laos,2012,711380
Laos,2018,510390
Latin America and the Caribbean (PIP),1990,71446024
Latin America and the Caribbean (PIP),1991,70441888
Latin America and the Caribbean (PIP),1992,71213968
Latin America and the Caribbean (PIP),1993,71966536
Latin America and the Caribbean (PIP),1994,67525136
Latin America and the Caribbean (PIP),1995,66939560
Latin America and the Caribbean (PIP),1996,74118360
Latin America and the Caribbean (PIP),1997,74413208
Latin America and the Caribbean (PIP),1998,74454888
Latin America and the Caribbean (PIP),1999,76727344
Latin America and the Caribbean (PIP),2000,71313848
Latin America and the Caribbean (PIP),2001,70857992
Latin America and the Caribbean (PIP),2002,67141448
Latin America and the Caribbean (PIP),2003,66039140
Latin America and the Caribbean (PIP),2004,61656740
Latin America and the Caribbean (PIP),2005,59280592
Latin America and the Caribbean (PIP),2006,49540424
Latin America and the Caribbean (PIP),2007,43732708
Latin America and the Caribbean (PIP),2008,40185364
Latin America and the Caribbean (PIP),2009,38711824
Latin America and the Caribbean (PIP),2010,34568220
Latin America and the Caribbean (PIP),2011,32270520
Latin America and the Caribbean (PIP),2012,30561198
Latin America and the Caribbean (PIP),2013,27600272
Latin America and the Caribbean (PIP),2014,26286070
Latin America and the Caribbean (PIP),2015,25029874
Latin America and the Caribbean (PIP),2016,26624324
Latin America and the Caribbean (PIP),2017,26956204
Latin America and the Caribbean (PIP),2018,26791534
Latin America and the Caribbean (PIP),2019,27002604
Latin America and the Caribbean (PIP),2020,24765342
Latin America and the Caribbean (PIP),2021,29456650
Latin America and the Caribbean (PIP),2022,22612772
Latin America and the Caribbean (PIP),2023,22208032
Latin America and the Caribbean (PIP),2024,22070648
Latvia,1993,0
Latvia,1995,770
Latvia,1996,43395
Latvia,2004,56361
Latvia,2005,52881
Latvia,2006,34458
Latvia,2007,13972
Latvia,2008,27842
Latvia,2009,36339
Latvia,2010,36344
Latvia,2011,21186
Latvia,2012,21720
Latvia,2013,23455
Latvia,2014,15778
Latvia,2015,12860
Latvia,2016,12677
Latvia,2017,15484
Latvia,2018,6938
Latvia,2019,4576
Latvia,2020,8647
Latvia,2021,7487
Lebanon,2011,0
Lesotho,1986,907501
Lesotho,1994,1031507
Lesotho,2002,1321694
Lesotho,2017,704521
Liberia,2007,1937986
Liberia,2014,1171914
Liberia,2016,1299718
Lithuania,1993,243678
Lithuania,2004,91434
Lithuania,2005,59198
Lithuania,2006,49801
Lithuania,2007,43285
Lithuania,2008,44431
Lithuania,2009,70952
Lithuania,2010,47523
Lithuania,2011,21214
Lithuania,2012,28318
Lithuania,2013,20852
Lithuania,2014,37007
Lithuania,2015,20911
Lithuania,2016,36441
Lithuania,2017,28921
Lithuania,2018,25915
Lithuania,2019,15310
Lithuania,2020,5296
Lithuania,2021,7019
Luxembourg,1985,0
Luxembourg,1986,0
Luxembourg,1987,0
Luxembourg,1988,0
Luxembourg,1989,0
Luxembourg,1990,0
Luxembourg,1991,0
Luxembourg,1992,0
Luxembourg,1993,0
Luxembourg,1994,0
Luxembourg,1995,0
Luxembourg,1996,0
Luxembourg,1997,0
Luxembourg,1998,0
Luxembourg,1999,0
Luxembourg,2000,0
Luxembourg,2001,0
Luxembourg,2002,0
Luxembourg,2003,324
Luxembourg,2004,83
Luxembourg,2005,161
Luxembourg,2006,0
Luxembourg,2007,105
Luxembourg,2008,0
Luxembourg,2009,220
Luxembourg,2010,0
Luxembourg,2011,609
Luxembourg,2012,232
Luxembourg,2013,484
Luxembourg,2014,778
Luxembourg,2015,1710
Luxembourg,2016,682
Luxembourg,2017,1688
Luxembourg,2018,1732
Luxembourg,2019,627
Luxembourg,2020,0
Luxembourg,2021,320
Madagascar,1980,4357666
Madagascar,1993,9628737
Madagascar,1997,10252170
Madagascar,1999,10518844
Madagascar,2001,11863260
Madagascar,2005,13947807
Madagascar,2010,17418466
Madagascar,2012,18907122
Malawi,1997,6251796
Malawi,2004,8601553
Malawi,2010,10137870
Malawi,2016,11538619
Malawi,2019,13329276
Malaysia,1984,393010
Malaysia,1987,265027
Malaysia,1989,123226
Malaysia,1992,185823
Malaysia,1995,291381
Malaysia,1997,0
Malaysia,2003,388718
Malaysia,2006,204159
Malaysia,2008,193665
Malaysia,2011,40836
Malaysia,2013,10239
Malaysia,2015,5991
Malaysia,2018,3594
Malaysia,2021,0
Maldives,2002,19478
Maldives,2009,13405
Maldives,2016,0
Maldives,2019,0
Mali,1994,8206052
Mali,2001,6637279
Mali,2006,6824454
Mali,2009,7454427
Mali,2018,3088684
Mali,2021,4648860
Malta,2006,2075
Malta,2007,1669
Malta,2008,446
Malta,2009,1775
Malta,2010,909
Malta,2011,773
Malta,2012,494
Malta,2013,126
Malta,2014,0
Malta,2015,376
Malta,2016,419
Malta,2017,748
Malta,2018,501
Malta,2019,1536
Malta,2020,1318
Marshall Islands,2019,377
Mauritania,1987,766037
Mauritania,1993,958828
Mauritania,1995,525710
Mauritania,2000,586281
Mauritania,2004,540709
Mauritania,2008,385445
Mauritania,2014,249454
Mauritania,2019,238428
Mauritius,2006,3805
Mauritius,2012,5179
Mauritius,2017,1585
Mexico,1984,6104648
Mexico,1989,6984398
Mexico,1992,6685526
Mexico,1994,7006861
Mexico,1996,12786342
Mexico,1998,14439945
Mexico,2000,10451561
Mexico,2002,7590222
Mexico,2004,7432974
Mexico,2005,8224688
Mexico,2006,5722800
Mexico,2008,6561634
Mexico,2010,5293932
Mexico,2012,4861284
Mexico,2014,4730182
Mexico,2016,2814867
Mexico,2018,2326468
Mexico,2020,2686208
Mexico,2022,1504140
Micronesia (country),2005,9496
Micronesia (country),2013,17408
Micronesia (country) (urban),2000,10847
Middle East and North Africa (PIP),1990,14810615
Middle East and North Africa (PIP),1991,14667132
Middle East and North Africa (PIP),1992,13230840
Middle East and North Africa (PIP),1993,12829190
Middle East and North Africa (PIP),1994,12025458
Middle East and North Africa (PIP),1995,12263205
Middle East and North Africa (PIP),1996,10452844
Middle East and North Africa (PIP),1997,9795865
Middle East and North Africa (PIP),1998,9005200
Middle East and North Africa (PIP),1999,9106714
Middle East and North Africa (PIP),2000,8486550
Middle East and North Africa (PIP),2001,8707596
Middle East and North Africa (PIP),2002,8328826
Middle East and North Africa (PIP),2003,8616610
Middle East and North Africa (PIP),2004,8271164
Middle East and North Africa (PIP),2005,8335991
Middle East and North Africa (PIP),2006,8207292
Middle East and North Africa (PIP),2007,8301010
Middle East and North Africa (PIP),2008,8185927
Middle East and North Africa (PIP),2009,7468776
Middle East and North Africa (PIP),2010,6478703
Middle East and North Africa (PIP),2011,7126338
Middle East and North Africa (PIP),2012,8017550
Middle East and North Africa (PIP),2013,9264557
Middle East and North Africa (PIP),2014,10381193
Middle East and North Africa (PIP),2015,14038597
Middle East and North Africa (PIP),2016,17319662
Middle East and North Africa (PIP),2017,18439126
Middle East and North Africa (PIP),2018,18943804
Middle East and North Africa (PIP),2019,18672272
Middle East and North Africa (PIP),2020,22122300
Middle East and North Africa (PIP),2021,24970678
Middle East and North Africa (PIP),2022,26126132
Middle East and North Africa (PIP),2023,27797856
Middle East and North Africa (PIP),2024,29769174
Moldova,1997,382012
Moldova,1998,705846
Moldova,1999,982018
Moldova,2000,909115
Moldova,2001,678633
Moldova,2002,394744
Moldova,2003,162832
Moldova,2004,189701
Moldova,2005,314173
Moldova,2006,56540
Moldova,2007,27376
Moldova,2008,27467
Moldova,2009,18854
Moldova,2010,11747
Moldova,2011,6199
Moldova,2012,3962
Moldova,2013,720
Moldova,2014,0
Moldova,2015,885
Moldova,2016,3029
Moldova,2017,0
Moldova,2018,0
Moldova,2019,763
Moldova,2021,0
Mongolia,1995,343957
Mongolia,1998,684240
Mongolia,2002,290058
Mongolia,2007,44410
Mongolia,2010,30905
Mongolia,2011,23507
Mongolia,2012,13211
Mongolia,2014,9508
Mongolia,2016,21404
Mongolia,2018,22515
Mongolia,2022,7592
Montenegro,2012,18812
Montenegro,2013,18817
Montenegro,2014,10120
Montenegro,2015,8373
Montenegro,2016,15398
Montenegro,2017,20610
Montenegro,2018,17670
Montenegro,2019,12426
Montenegro,2020,10982
Montenegro,2021,12243
Morocco,1984,2912951
Morocco,1990,1177099
Morocco,1998,2332497
Morocco,2000,2290256
Morocco,2006,1323446
Morocco,2013,491034
Mozambique,1996,13393977
Mozambique,2002,15264095
Mozambique,2008,15746122
Mozambique,2014,17060470
Mozambique,2019,23183408
Myanmar,2015,3200758
Myanmar,2017,1041143
Namibia,1993,828572
Namibia,2003,692663
Namibia,2009,561742
Namibia,2015,358204
Nauru,2012,177
Nepal,1984,11872057
Nepal,1995,12434601
Nepal,2003,10384298
Nepal,2010,2239717
Nepal,2022,112627
Netherlands,1983,65841
Netherlands,1987,36582
Netherlands,1990,142448
Netherlands,1993,190940
Netherlands,1999,32082
Netherlands,2004,38405
Netherlands,2005,24206
Netherlands,2006,7485
Netherlands,2007,4690
Netherlands,2008,21973
Netherlands,2009,18311
Netherlands,2010,7882
Netherlands,2011,16034
Netherlands,2012,12707
Netherlands,2013,14599
Netherlands,2014,9733
Netherlands,2015,10446
Netherlands,2016,7820
Netherlands,2017,32338
Netherlands,2018,17390
Netherlands,2019,16604
Netherlands,2020,4877
Netherlands,2021,12224
Nicaragua,1993,1734366
Nicaragua,1998,1281424
Nicaragua,2001,925064
Nicaragua,2005,496295
Nicaragua,2009,477615
Nicaragua,2014,244686
Niger,1992,7719619
Niger,1994,8217044
Niger,2005,11153621
Niger,2007,11889381
Niger,2011,10466489
Niger,2014,10376563
Niger,2018,11744442
Niger,2021,13023112
Nigeria,1985,40237420
Nigeria,1992,52449188
Nigeria,1996,65234112
Nigeria,2003,64903052
Nigeria,2010,56935752
Nigeria,2012,58321404
Nigeria,2015,60104216
Nigeria,2018,62367092
North Macedonia,2009,200303
North Macedonia,2010,214711
North Macedonia,2011,187061
North Macedonia,2012,142476
North Macedonia,2013,107860
North Macedonia,2014,93382
North Macedonia,2015,113915
North Macedonia,2016,87804
North Macedonia,2017,93228
North Macedonia,2018,70561
North Macedonia,2019,55310
Norway,1979,9266
Norway,1986,10205
Norway,1991,20254
Norway,1995,21405
Norway,2000,10557
Norway,2003,9336
Norway,2004,12161
Norway,2005,9337
Norway,2006,6105
Norway,2007,5966
Norway,2008,10811
Norway,2009,4198
Norway,2010,7382
Norway,2011,4833
Norway,2012,5887
Norway,2013,6626
Norway,2014,5801
Norway,2015,8823
Norway,2016,14692
Norway,2017,15390
Norway,2018,13517
Norway,2019,8371
Other high income countries (PIP),1990,3843851
Other high income countries (PIP),1991,4089404
Other high income countries (PIP),1992,4585676
Other high income countries (PIP),1993,5198234
Other high income countries (PIP),1994,4886688
Other high income countries (PIP),1995,4858414
Other high income countries (PIP),1996,5308504
Other high income countries (PIP),1997,5245866
Other high income countries (PIP),1998,5315114
Other high income countries (PIP),1999,5038137
Other high income countries (PIP),2000,4772920
Other high income countries (PIP),2001,4944834
Other high income countries (PIP),2002,5111512
Other high income countries (PIP),2003,5654562
Other high income countries (PIP),2004,5423166
Other high income countries (PIP),2005,5430750
Other high income countries (PIP),2006,5217356
Other high income countries (PIP),2007,5116968
Other high income countries (PIP),2008,5271804
Other high income countries (PIP),2009,5450870
Other high income countries (PIP),2010,5442033
Other high income countries (PIP),2011,5877066
Other high income countries (PIP),2012,6196891
Other high income countries (PIP),2013,6834698
Other high income countries (PIP),2014,7316082
Other high income countries (PIP),2015,7992175
Other high income countries (PIP),2016,6919661
Other high income countries (PIP),2017,7645977
Other high income countries (PIP),2018,6831158
Other high income countries (PIP),2019,6669153
Other high income countries (PIP),2020,4063084
Other high income countries (PIP),2021,3589407
Other high income countries (PIP),2022,7127630
Other high income countries (PIP),2023,7147187
Other high income countries (PIP),2024,7165876
Pakistan,1987,70198760
Pakistan,1990,76380712
Pakistan,1996,31051748
Pakistan,1998,43945880
Pakistan,2001,53653080
Pakistan,2004,34852884
Pakistan,2005,35767476
Pakistan,2007,27402886
Pakistan,2010,18438048
Pakistan,2011,19214534
Pakistan,2013,15225547
Pakistan,2015,10846225
Pakistan,2018,10925983
Palestine,2004,19084
Palestine,2005,6726
Palestine,2006,10684
Palestine,2007,47434
Palestine,2009,9781
Palestine,2010,1651
Palestine,2011,7340
Palestine,2016,22285
Panama,1979,118456
Panama,1989,537566
Panama,1991,503177
Panama,1995,412706
Panama,1997,401752
Panama,1998,417162
Panama,1999,361271
Panama,2000,332337
Panama,2001,429930
Panama,2002,298503
Panama,2003,314319
Panama,2004,283705
Panama,2005,283147
Panama,2006,316297
Panama,2007,228749
Panama,2008,142368
Panama,2009,89988
Panama,2010,122916
Panama,2011,90455
Panama,2012,130111
Panama,2013,85777
Panama,2014,112533
Panama,2015,59909
Panama,2016,61077
Panama,2017,85900
Panama,2018,58549
Panama,2019,42499
Panama,2021,48223
Panama,2023,57558
Papua New Guinea,1996,2519530
Papua New Guinea,2009,2979909
Paraguay,1990,48273
Paraguay,1995,571025
Paraguay,1997,508482
Paraguay,1999,512994
Paraguay,2001,465963
Paraguay,2002,699714
Paraguay,2003,444452
Paraguay,2004,309151
Paraguay,2005,332571
Paraguay,2006,439882
Paraguay,2007,438396
Paraguay,2008,243983
Paraguay,2009,328896
Paraguay,2010,314951
Paraguay,2011,295003
Paraguay,2012,197324
Paraguay,2013,107355
Paraguay,2014,147023
Paraguay,2015,116846
Paraguay,2016,106175
Paraguay,2017,62374
Paraguay,2018,90637
Paraguay,2019,66052
Paraguay,2020,53829
Paraguay,2021,46201
Paraguay,2022,90154
Peru,1997,5032141
Peru,1998,5020896
Peru,1999,5076110
Peru,2000,5135944
Peru,2001,5471730
Peru,2002,4795842
Peru,2003,4050862
Peru,2004,4550001
Peru,2005,5013535
Peru,2006,4426638
Peru,2007,3779616
Peru,2008,3144822
Peru,2009,2556168
Peru,2010,1994558
Peru,2011,1917238
Peru,2012,1808343
Peru,2013,1620994
Peru,2014,1464522
Peru,2015,1449154
Peru,2016,1430920
Peru,2017,1421318
Peru,2018,1148710
Peru,2019,977224
Peru,2020,1938922
Peru,2021,934962
Peru,2022,904545
Philippines,1985,15747677
Philippines,1988,15136038
Philippines,1991,17143660
Philippines,1994,17304942
Philippines,1997,13206936
Philippines,2000,11718674
Philippines,2003,11308937
Philippines,2006,13447691
Philippines,2009,10341480
Philippines,2012,12239868
Philippines,2015,8542232
Philippines,2018,5490388
Philippines,2021,7691626
Poland,1985,0
Poland,1986,91995
Poland,1987,0
Poland,1989,0
Poland,1992,85786
Poland,1995,673396
Poland,1999,191775
Poland,2004,829159
Poland,2005,351480
Poland,2006,251295
Poland,2007,179693
Poland,2008,66853
Poland,2009,139759
Poland,2010,132860
Poland,2011,130155
Poland,2012,74231
Poland,2013,160381
Poland,2014,151981
Poland,2015,164752
Poland,2016,89911
Poland,2017,132352
Poland,2018,94017
Poland,2019,23827
Poland,2020,52051
Poland,2021,40586
Portugal,2003,93700
Portugal,2004,56261
Portugal,2005,57088
Portugal,2006,9751
Portugal,2007,27171
Portugal,2008,14491
Portugal,2009,17532
Portugal,2010,14428
Portugal,2011,53636
Portugal,2012,73942
Portugal,2013,89429
Portugal,2014,56756
Portugal,2015,49967
Portugal,2016,38683
Portugal,2017,42282
Portugal,2018,29849
Portugal,2019,15298
Portugal,2020,48632
Portugal,2021,23470
Qatar,2017,0
Romania,1989,0
Romania,1992,0
Romania,1994,2280522
Romania,1995,396654
Romania,1997,507220
Romania,2006,1558967
Romania,2007,1109014
Romania,2008,839346
Romania,2009,637236
Romania,2010,845210
Romania,2011,1083216
Romania,2012,1245236
Romania,2013,1322346
Romania,2014,1398143
Romania,2015,1043514
Romania,2016,638415
Romania,2017,639794
Romania,2018,519321
Romania,2019,419217
Romania,2020,271517
Romania,2021,335983
Russia,1993,5239110
Russia,1996,6899817
Russia,1997,2251395
Russia,1998,3373461
Russia,1999,6456306
Russia,2000,4361853
Russia,2001,2565721
Russia,2002,1469625
Russia,2003,1580991
Russia,2004,1445391
Russia,2005,1111921
Russia,2006,630803
Russia,2007,287609
Russia,2008,131502
Russia,2009,94497
Russia,2010,119036
Russia,2011,54704
Russia,2012,46127
Russia,2013,11716
Russia,2014,30656
Russia,2015,47203
Russia,2016,39251
Russia,2017,48308
Russia,2018,42176
Russia,2019,43897
Russia,2020,14837
Rwanda,2000,6132384
Rwanda,2005,6082787
Rwanda,2010,6235126
Rwanda,2013,6074333
Rwanda,2016,6324619
Rwanda (rural),1984,3428880
Saint Lucia,1995,58083
Saint Lucia,2015,9203
Samoa,2002,4065
Samoa,2008,2019
Samoa,2013,2305
Sao Tome and Principe,2000,29644
Sao Tome and Principe,2010,41192
Sao Tome and Principe,2017,32711
Senegal,1991,5474273
Senegal,1994,5120660
Senegal,2001,5251063
Senegal,2005,4601184
Senegal,2011,5319404
Senegal,2018,1456044
Senegal,2021,1706314
Serbia,2012,384444
Serbia,2013,418614
Serbia,2014,493660
Serbia,2015,471610
Serbia,2016,448654
Serbia,2017,378764
Serbia,2018,204121
Serbia,2019,162133
Serbia,2020,107422
Serbia,2021,84939
Seychelles,1999,613
Seychelles,2006,316
Seychelles,2013,1112
Seychelles,2018,495
Sierra Leone,2003,3309788
Sierra Leone,2011,2558869
Sierra Leone,2018,2048810
Slovakia,1992,0
Slovakia,1996,80250
Slovakia,2004,3612
Slovakia,2005,12754
Slovakia,2006,12303
Slovakia,2007,19756
Slovakia,2008,21931
Slovakia,2009,24065
Slovakia,2010,26693
Slovakia,2011,22882
Slovakia,2012,21681
Slovakia,2013,15239
Slovakia,2014,36600
Slovakia,2015,35893
Slovakia,2016,74983
Slovakia,2017,12258
Slovakia,2018,9230
Slovakia,2019,6442
Slovakia,2020,11589
Slovakia,2021,5528
Slovenia,1987,0
Slovenia,1993,0
Slovenia,1997,0
Slovenia,1999,0
Slovenia,2004,518
Slovenia,2005,2029
Slovenia,2006,1013
Slovenia,2007,653
Slovenia,2008,0
Slovenia,2009,0
Slovenia,2010,188
Slovenia,2011,0
Slovenia,2012,540
Slovenia,2013,448
Slovenia,2014,0
Slovenia,2015,100
Slovenia,2016,0
Slovenia,2017,0
Slovenia,2018,0
Slovenia,2019,0
Slovenia,2020,0
Slovenia,2021,0
Solomon Islands,2005,246987
Solomon Islands,2012,153890
South Africa,1993,14263032
South Africa,2000,17354002
South Africa,2005,13887212
South Africa,2008,9512730
South Africa,2010,9339909
South Africa,2014,11410567
South Asia (PIP),1990,570946048
South Asia (PIP),1991,566153920
South Asia (PIP),1992,558026944
South Asia (PIP),1993,563259072
South Asia (PIP),1994,555569216
South Asia (PIP),1995,556985216
South Asia (PIP),1996,548824384
South Asia (PIP),1997,554445120
South Asia (PIP),1998,565040256
South Asia (PIP),1999,567629888
South Asia (PIP),2000,575145984
South Asia (PIP),2001,583652672
South Asia (PIP),2002,590250176
South Asia (PIP),2003,579874880
South Asia (PIP),2004,563396672
South Asia (PIP),2005,547391104
South Asia (PIP),2006,529398336
South Asia (PIP),2007,510162592
South Asia (PIP),2008,499037376
South Asia (PIP),2009,483264128
South Asia (PIP),2010,421789888
South Asia (PIP),2011,363246848
South Asia (PIP),2012,339098688
South Asia (PIP),2013,327521920
South Asia (PIP),2014,312509312
South Asia (PIP),2015,293974048
South Asia (PIP),2016,282914912
South Asia (PIP),2017,228703504
South Asia (PIP),2018,185471152
South Asia (PIP),2019,197267168
South Asia (PIP),2020,244566112
South Asia (PIP),2021,217729520
South Asia (PIP),2022,186216448
South Asia (PIP),2023,168163984
South Asia (PIP),2024,148676784
South Korea,2006,120826
South Korea,2008,119085
South Korea,2010,245739
South Korea,2012,125138
South Korea,2014,119581
South Korea,2016,126657
South Korea,2017,123437
South Korea,2018,128327
South Korea,2019,0
South Korea,2020,0
South Korea,2021,0
South Sudan,2009,3187927
South Sudan,2016,7313200
Spain,1980,186304
Spain,1985,91294
Spain,1990,192170
Spain,1993,487122
Spain,1994,394513
Spain,1995,588846
Spain,1996,594804
Spain,1997,394965
Spain,1998,383211
Spain,1999,290833
Spain,2000,273991
Spain,2003,341193
Spain,2004,350952
Spain,2005,322149
Spain,2006,341696
Spain,2007,164192
Spain,2008,224678
Spain,2009,373500
Spain,2010,314732
Spain,2011,526944
Spain,2012,438073
Spain,2013,529745
Spain,2014,365878
Spain,2015,419642
Spain,2016,523076
Spain,2017,315945
Spain,2018,392453
Spain,2019,374163
Spain,2020,419833
Spain,2021,267544
Sri Lanka,1985,2765146
Sri Lanka,1990,2010837
Sri Lanka,1995,2148992
Sri Lanka,2002,2105443
Sri Lanka,2006,1124448
Sri Lanka,2009,719209
Sri Lanka,2012,545227
Sri Lanka,2016,277528
Sri Lanka,2019,209006
Sub-Saharan Africa (PIP),1990,282203520
Sub-Saharan Africa (PIP),1991,297476608
Sub-Saharan Africa (PIP),1992,311013888
Sub-Saharan Africa (PIP),1993,325383296
Sub-Saharan Africa (PIP),1994,335768736
Sub-Saharan Africa (PIP),1995,342075776
Sub-Saharan Africa (PIP),1996,347399872
Sub-Saharan Africa (PIP),1997,353742720
Sub-Saharan Africa (PIP),1998,361500128
Sub-Saharan Africa (PIP),1999,368628800
Sub-Saharan Africa (PIP),2000,375728672
Sub-Saharan Africa (PIP),2001,379146432
Sub-Saharan Africa (PIP),2002,384747936
Sub-Saharan Africa (PIP),2003,386723648
Sub-Saharan Africa (PIP),2004,376387616
Sub-Saharan Africa (PIP),2005,373535616
Sub-Saharan Africa (PIP),2006,371671712
Sub-Saharan Africa (PIP),2007,372791456
Sub-Saharan Africa (PIP),2008,370352032
Sub-Saharan Africa (PIP),2009,375822592
Sub-Saharan Africa (PIP),2010,370573408
Sub-Saharan Africa (PIP),2011,370554176
Sub-Saharan Africa (PIP),2012,369551616
Sub-Saharan Africa (PIP),2013,371213120
Sub-Saharan Africa (PIP),2014,373953376
Sub-Saharan Africa (PIP),2015,385311648
Sub-Saharan Africa (PIP),2016,393551744
Sub-Saharan Africa (PIP),2017,398461888
Sub-Saharan Africa (PIP),2018,402819232
Sub-Saharan Africa (PIP),2019,411152736
Sub-Saharan Africa (PIP),2020,436740160
Sub-Saharan Africa (PIP),2021,444278688
Sub-Saharan Africa (PIP),2022,447998912
Sub-Saharan Africa (PIP),2023,458477664
Sub-Saharan Africa (PIP),2024,464179744
Sudan,2009,6120505
Sudan,2014,5647827
Suriname,2022,6825
Suriname (urban),1999,57510
Sweden,1975,40879
Sweden,1981,20775
Sweden,1987,20680
Sweden,1992,21108
Sweden,1995,21825
Sweden,2000,0
Sweden,2001,22122
Sweden,2002,0
Sweden,2003,28999
Sweden,2004,35720
Sweden,2005,97933
Sweden,2006,33088
Sweden,2007,37584
Sweden,2008,53142
Sweden,2009,42589
Sweden,2010,51337
Sweden,2011,58174
Sweden,2012,43504
Sweden,2013,62486
Sweden,2014,45992
Sweden,2015,55773
Sweden,2016,25944
Sweden,2017,24978
Sweden,2018,73822
Sweden,2019,32535
Sweden,2020,40284
Sweden,2021,65545
Switzerland,1982,44573
Switzerland,1992,34003
Switzerland,2000,0
Switzerland,2002,0
Switzerland,2004,0
Switzerland,2006,3485
Switzerland,2007,1572
Switzerland,2008,5237
Switzerland,2009,2947
Switzerland,2010,3808
Switzerland,2011,246
Switzerland,2012,717
Switzerland,2013,3412
Switzerland,2014,2683
Switzerland,2015,2530
Switzerland,2016,2870
Switzerland,2017,0
Switzerland,2018,2597
Switzerland,2019,1491
Switzerland,2020,3213
Syria,1996,356877
Syria,2003,188471
Syria,2006,365897
Syria,2009,267383
Syria,2022,5495012
Taiwan,1981,0
Taiwan,1986,0
Taiwan,1991,0
Taiwan,1995,106037
Taiwan,1997,0
Taiwan,2000,0
Taiwan,2005,0
Taiwan,2007,0
Taiwan,2010,55765
Taiwan,2013,0
Taiwan,2016,0
Taiwan,2017,0
Taiwan,2018,0
Taiwan,2019,0
Taiwan,2020,0
Taiwan,2021,0
Tajikistan,1999,3835203
Tajikistan,2003,2452125
Tajikistan,2004,1452612
Tajikistan,2007,919932
Tajikistan,2009,507276
Tajikistan,2015,521206
Tanzania,1991,19072132
Tanzania,2000,29225350
Tanzania,2007,23461656
Tanzania,2011,21198400
Tanzania,2018,26045692
Thailand,1981,10620179
Thailand,1988,9419557
Thailand,1990,6817953
Thailand,1992,5121669
Thailand,1994,2639787
Thailand,1996,1858232
Thailand,1998,1343126
Thailand,1999,2466816
Thailand,2000,2502162
Thailand,2002,1129864
Thailand,2004,774402
Thailand,2006,616689
Thailand,2007,361998
Thailand,2008,204993
Thailand,2009,167653
Thailand,2010,181079
Thailand,2011,49172
Thailand,2012,79752
Thailand,2013,42319
Thailand,2014,63146
Thailand,2015,32713
Thailand,2016,25523
Thailand,2017,26322
Thailand,2018,22856
Thailand,2019,67769
Thailand,2020,33354
Thailand,2021,10004
Togo,2006,3581474
Togo,2011,3974104
Togo,2015,4087270
Togo,2018,2312072
Togo,2021,2332972
Tonga,2000,3189
Tonga,2009,1352
Tonga,2015,1901
Tonga,2021,20
Trinidad and Tobago,1988,0
Trinidad and Tobago,1992,17264
Tunisia,1985,968453
Tunisia,1990,784078
Tunisia,1995,906268
Tunisia,2000,427193
Tunisia,2005,267610
Tunisia,2010,163836
Tunisia,2015,16263
Tunisia,2021,33626
Turkey,1987,449464
Turkey,1994,1499156
Turkey,2002,1388676
Turkey,2003,2578130
Turkey,2004,1364954
Turkey,2005,1608148
Turkey,2006,1232102
Turkey,2007,915801
Turkey,2008,401405
Turkey,2009,518963
Turkey,2010,565951
Turkey,2011,96140
Turkey,2012,69959
Turkey,2013,227000
Turkey,2014,157978
Turkey,2015,166115
Turkey,2016,160710
Turkey,2017,241388
Turkey,2018,288501
Turkey,2019,372880
Turkey,2020,392657
Turkey,2021,372659
Turkmenistan,1998,1910653
Tuvalu,2010,382
Uganda,1989,9993882
Uganda,1992,12340083
Uganda,1996,13668582
Uganda,1999,16094207
Uganda,2002,17059042
Uganda,2005,16180864
Uganda,2009,14588516
Uganda,2012,13036576
Uganda,2016,16903616
Uganda,2019,18480600
Ukraine,1992,2037383
Ukraine,1993,1015416
Ukraine,1995,4067451
Ukraine,1996,3680253
Ukraine,2002,1283630
Ukraine,2003,544358
Ukraine,2004,441144
Ukraine,2005,186919
Ukraine,2006,75072
Ukraine,2007,47454
Ukraine,2008,12407
Ukraine,2009,31923
Ukraine,2010,5751
Ukraine,2011,5187
Ukraine,2012,51907
Ukraine,2013,2008
Ukraine,2014,5558
Ukraine,2015,55637
Ukraine,2016,44261
Ukraine,2017,14446
Ukraine,2018,4433
Ukraine,2019,0
Ukraine,2020,12721
United Arab Emirates,2013,0
United Arab Emirates,2018,0
United Kingdom,1968,123012
United Kingdom,1969,135144
United Kingdom,1970,0
United Kingdom,1971,0
United Kingdom,1972,129036
United Kingdom,1973,0
United Kingdom,1974,134035
United Kingdom,1975,133169
United Kingdom,1976,0
United Kingdom,1977,137495
United Kingdom,1978,0
United Kingdom,1979,0
United Kingdom,1980,0
United Kingdom,1981,0
United Kingdom,1982,0
United Kingdom,1983,0
United Kingdom,1984,0
United Kingdom,1985,123248
United Kingdom,1986,139821
United Kingdom,1987,0
United Kingdom,1988,0
United Kingdom,1989,132317
United Kingdom,1990,0
United Kingdom,1991,0
United Kingdom,1992,138242
United Kingdom,1993,139200
United Kingdom,1994,142713
United Kingdom,1995,143389
United Kingdom,1996,143304
United Kingdom,1997,144189
United Kingdom,1998,143620
United Kingdom,1999,145845
United Kingdom,2000,146575
United Kingdom,2001,146576
United Kingdom,2002,148073
United Kingdom,2003,149043
United Kingdom,2004,149830
United Kingdom,2005,148979
United Kingdom,2006,140033
United Kingdom,2007,149489
United Kingdom,2008,152586
United Kingdom,2009,155023
United Kingdom,2010,154626
United Kingdom,2011,156443
United Kingdom,2012,155860
United Kingdom,2013,156767
United Kingdom,2014,159116
United Kingdom,2015,162300
United Kingdom,2016,163486
United Kingdom,2017,164682
United Kingdom,2018,331293
United Kingdom,2019,332871
United Kingdom,2020,334959
United Kingdom,2021,164282
United States,1963,2363283
United States,1964,2384240
United States,1965,1942246
United States,1966,1962108
United States,1967,1984094
United States,1968,1499701
United States,1969,1011683
United States,1970,2036078
United States,1971,1551554
United States,1972,1571410
United States,1973,1588394
United States,1974,1597831
United States,1975,1073719
United States,1976,1087301
United States,1977,1100092
United States,1978,1112796
United States,1979,1124872
United States,1980,1135032
United States,1981,1145665
United States,1982,1732224
United States,1983,1168480
United States,1984,1168606
United States,1985,1182701
United States,1986,1191518
United States,1987,1209680
United States,1988,1220549
United States,1989,1232124
United States,1990,1240984
United States,1991,1263355
United States,1992,1277182
United States,1993,1298708
United States,1994,1315085
United States,1995,1331340
United States,1996,2016536
United States,1997,2042369
United States,1998,2065689
United States,1999,2087376
United States,2000,2115076
United States,2001,2135292
United States,2002,2154071
United States,2003,2893594
United States,2004,2927708
United States,2005,2954374
United States,2006,2980544
United States,2007,3011982
United States,2008,3040177
United States,2009,3065832
United States,2010,3092426
United States,2011,3112645
United States,2012,3134005
United States,2013,3146262
United States,2014,3976476
United States,2015,4006634
United States,2016,3228750
United States,2017,4063776
United States,2018,3267702
United States,2019,3280576
United States,2020,828693
United States,2021,825825
United States,2022,4163380
Uruguay,2006,18741
Uruguay,2007,12681
Uruguay,2008,7592
Uruguay,2009,9437
Uruguay,2010,5670
Uruguay,2011,4687
Uruguay,2012,5710
Uruguay,2013,5892
Uruguay,2014,5205
Uruguay,2015,5096
Uruguay,2016,3150
Uruguay,2017,2270
Uruguay,2018,1914
Uruguay,2019,3499
Uruguay,2020,7091
Uruguay,2021,3843
Uruguay,2022,5311
Uruguay (urban),1981,0
Uruguay (urban),1989,18620
Uruguay (urban),1992,15853
Uruguay (urban),1995,15525
Uruguay (urban),1996,17305
Uruguay (urban),1997,16796
Uruguay (urban),1998,19188
Uruguay (urban),2000,19850
Uruguay (urban),2001,15156
Uruguay (urban),2002,19425
Uruguay (urban),2003,24927
Uruguay (urban),2004,31851
Uruguay (urban),2005,26677
Uzbekistan,1998,14143969
Uzbekistan,2000,20051370
Uzbekistan,2002,20336180
Uzbekistan,2003,20838536
Uzbekistan,2022,803185
Vanuatu,2010,35960
Vanuatu,2019,30481
Venezuela,1981,1044647
Venezuela,1987,1288688
Venezuela,1989,1025108
Venezuela,1992,936912
Venezuela,1995,2194830
Venezuela,1998,2451888
Venezuela,1999,2836040
Venezuela,2001,2560544
Venezuela,2002,4149549
Venezuela,2003,5066822
Venezuela,2004,4356034
Venezuela,2005,3828493
Venezuela,2006,1932388
Vietnam,1992,31934652
Vietnam,1997,18790350
Vietnam,2002,24143706
Vietnam,2004,16579136
Vietnam,2006,12510218
Vietnam,2008,9535385
Vietnam,2010,2509118
Vietnam,2012,1482547
Vietnam,2014,1744465
Vietnam,2016,1176603
Vietnam,2018,1168814
Vietnam,2020,631868
Vietnam,2022,946320
Western and Central Africa (PIP),1990,114119016
Western and Central Africa (PIP),1991,120139320
Western and Central Africa (PIP),1992,124649840
Western and Central Africa (PIP),1993,130308560
Western and Central Africa (PIP),1994,134919424
Western and Central Africa (PIP),1995,138732416
Western and Central Africa (PIP),1996,141902512
Western and Central Africa (PIP),1997,143532656
Western and Central Africa (PIP),1998,145395232
Western and Central Africa (PIP),1999,147117520
Western and Central Africa (PIP),2000,149438160
Western and Central Africa (PIP),2001,148868896
Western and Central Africa (PIP),2002,145652896
Western and Central Africa (PIP),2003,145517760
Western and Central Africa (PIP),2004,143651984
Western and Central Africa (PIP),2005,144135808
Western and Central Africa (PIP),2006,144863328
Western and Central Africa (PIP),2007,145882528
Western and Central Africa (PIP),2008,143212384
Western and Central Africa (PIP),2009,143748512
Western and Central Africa (PIP),2010,139296416
Western and Central Africa (PIP),2011,139903024
Western and Central Africa (PIP),2012,136195168
Western and Central Africa (PIP),2013,134590704
Western and Central Africa (PIP),2014,131638896
Western and Central Africa (PIP),2015,135002496
Western and Central Africa (PIP),2016,133319800
Western and Central Africa (PIP),2017,129095488
Western and Central Africa (PIP),2018,124930872
Western and Central Africa (PIP),2019,123857464
Western and Central Africa (PIP),2020,131976592
Western and Central Africa (PIP),2021,133550656
Western and Central Africa (PIP),2022,133960840
Western and Central Africa (PIP),2023,135809040
Western and Central Africa (PIP),2024,136766384
World,1990,2004621056
World,1991,2011197312
World,1992,2003391872
World,1993,2008309760
World,1994,1928587904
World,1995,1861664896
World,1996,1802243456
World,1997,1815077632
World,1998,1861604224
World,1999,1831895168
World,2000,1799557504
World,2001,1764917248
World,2002,1692761728
World,2003,1613798016
World,2004,1510641280
World,2005,1408802944
World,2006,1360683904
World,2007,1289433472
World,2008,1244799616
World,2009,1199263616
World,2010,1092742528
World,2011,980369792
World,2012,923164864
World,2013,832973376
World,2014,804976384
World,2015,778435072
World,2016,764762944
World,2017,708478656
World,2018,667108864
World,2019,683633536
World,2020,757105024
World,2021,745666368
World,2022,712786752
World,2023,705163328
World,2024,691757504
World (excluding China),1990,1187718400
World (excluding China),1991,1202115840
World (excluding China),1992,1212543616
World (excluding China),1993,1235637632
World (excluding China),1994,1230237952
World (excluding China),1995,1225308032
World (excluding China),1996,1215566208
World (excluding China),1997,1232339328
World (excluding China),1998,1281113216
World (excluding China),1999,1253950976
World (excluding China),2000,1256622464
World (excluding China),2001,1255933440
World (excluding China),2002,1220432000
World (excluding China),2003,1201901056
World (excluding China),2004,1158288000
World (excluding China),2005,1118667904
World (excluding China),2006,1092826368
World (excluding China),2007,1046439680
World (excluding China),2008,1016062208
World (excluding China),2009,995322944
World (excluding China),2010,913764928
World (excluding China),2011,846508736
World (excluding China),2012,810547776
World (excluding China),2013,796411008
World (excluding China),2014,781055936
World (excluding China),2015,770649088
World (excluding China),2016,763640128
World (excluding China),2017,708478720
World (excluding China),2018,667108928
World (excluding China),2019,683633600
World (excluding China),2020,757105024
World (excluding China),2021,745666368
World (excluding China),2022,712786752
World (excluding China),2023,705163328
World (excluding China),2024,691757504
World (excluding India),1990,1574150272
World (excluding India),1991,1573774208
World (excluding India),1992,1560738816
World (excluding India),1993,1561268224
World (excluding India),1994,1478078976
World (excluding India),1995,1409305088
World (excluding India),1996,1349728128
World (excluding India),1997,1357022592
World (excluding India),1998,1400072320
World (excluding India),1999,1372598016
World (excluding India),2000,1336151296
World (excluding India),2001,1296192768
World (excluding India),2002,1217994880
World (excluding India),2003,1139973888
World (excluding India),2004,1041519424
World (excluding India),2005,949140864
World (excluding India),2006,913082176
World (excluding India),2007,854191680
World (excluding India),2008,813227648
World (excluding India),2009,778155648
World (excluding India),2010,730621184
World (excluding India),2011,671181632
World (excluding India),2012,635673088
World (excluding India),2013,553818560
World (excluding India),2014,537664896
World (excluding India),2015,525515232
World (excluding India),2016,520337952
World (excluding India),2017,513240640
World (excluding India),2018,510956640
World (excluding India),2019,515436512
World (excluding India),2020,541263872
World (excluding India),2021,552732736
World (excluding India),2022,547797568
World (excluding India),2023,558063424
World (excluding India),2024,562738240
Yemen,1998,1426020
Yemen,2005,2264834
Yemen,2014,5495919
Zambia,1991,4526430
Zambia,1993,4884473
Zambia,1996,4163776
Zambia,1998,4426187
Zambia,2002,6079806
Zambia,2004,6985860
Zambia,2006,7884632
Zambia,2010,8882366
Zambia,2015,9877802
Zambia,2022,12881325
Zimbabwe,2011,2810964
Zimbabwe,2017,5045768
Zimbabwe,2019,6104153